customer_id,full_name,address,city,zipcode
11001,Renee Salazar,044 Robert Spring,Port Michaelside,65759
11002,Kevin Herring,01030 Haynes Prairie Apt. 042,East Philipberg,48824
11003,Mr. Jose Ramirez,035 Davis Land Apt. 295,Marissaberg,85626
11004,Yolanda Rose,728 Michelle Corner Suite 058,West Danielshire,06993
11005,Kenneth King,82119 Hernandez Canyon Apt. 337,Samuelhaven,89122
11006,Vickie Lara,8927 Vang Harbors Apt. 585,Davidborough,25899
11007,Christopher Navarro,889 Sarah Garden Apt. 280,Lake Kayla,37321
11008,Cory Walker,05001 Baker Junction Suite 483,Cherylmouth,02894
11009,Kathleen Garcia,75359 Hunt Fork,Toddfurt,22106
11010,Luis Hunter,20304 Smith Plaza Suite 162,Lake Caitlinside,09321
11011,Chelsey Lopez,9764 Kevin Centers,Millerhaven,41569
11012,Colleen Smith,299 Dawn Forge Apt. 781,North Sara,96102
11013,Zachary Lam,3470 Lawrence Ridges Apt. 947,Smithshire,92625
11014,Mrs. Angel Lambert,362 Harding Burgs Suite 506,Acostabury,52902
11015,Gregory Meyer,3938 Michael Landing Apt. 296,Port Davidport,49452
11016,Anthony Griffin,938 Greene Keys,East Allisonmouth,87544
11017,Holly Lawrence,3841 Bradley Village,Lake Billy,57217
11018,Aaron Rose,5651 Mcmahon Parks Suite 921,Mortonburgh,38369
11019,John Macias,83824 Melissa Shores,Heatherhaven,03666
11020,George Johnson,359 Cervantes Terrace Apt. 365,Brianmouth,76910
11021,Seth Elliott,674 Michael Road,North Guy,90805
11022,Taylor Gibbs,0745 Gregory Plain,South Austinville,93611
11023,Kelly Campbell,11986 Christopher Springs Apt. 333,Port Jennifer,74874
11024,Andrew Williamson,908 Molly Prairie Apt. 885,New Ryanberg,45659
11025,Meghan Hayes,164 Yolanda Mews Suite 574,West Kristybury,01995
11026,Robert Flynn,627 Jeffrey Run Apt. 308,East Loriview,23556
11027,Raymond Brown,26009 Anderson Locks Suite 485,Port Stephanie,66594
11028,Veronica Cisneros,33055 Nicholas Overpass Suite 911,Arnoldburgh,33178
11029,Albert Ryan,15993 Evans Mission,West Kevin,99761
11030,Michael Brown,3970 Chris Knolls Apt. 085,Meganport,19445
11031,Alexander Palmer,38160 Price Club Suite 495,Port Edwardport,12493
11032,Andrea Eaton,360 Jessica Plaza,Carterbury,31293
11033,Matthew Livingston,1204 Diane Hills,Ramirezside,96036
11034,Jennifer Johnson,66191 Collins Plaza Suite 167,Sweeneyland,68183
11035,Mary Hernandez,1059 Jenkins Shores Apt. 945,Scotthaven,76403
11036,Elizabeth Diaz,722 Schneider Ferry Apt. 506,North Patricia,36930
11037,Elizabeth Curtis,762 Mike Throughway,Port Faith,98516
11038,Sabrina Moss,832 Debra Inlet,Jenniferside,38956
11039,Melanie Boyer,4186 Harris Way Suite 919,East Jenniferchester,17561
11040,Andrew Tapia,9991 Marissa Turnpike Apt. 126,North Josephburgh,69529
11041,Kenneth Palmer,39244 Smith Isle,Russostad,75389
11042,Jo Hughes MD,76490 Adams Freeway Suite 197,Davenportton,86259
11043,Teresa Moore,517 Christine Shore Suite 447,Brandtberg,27970
11044,Matthew Rodriguez,1521 Anderson Well,Cassandrashire,32301
11045,Christopher Robles,8524 Sarah Wells,Lake Aaron,89132
11046,Brandon Madden,2646 Amy Unions,Peggyfort,40968
11047,Jennifer Berg,4438 Chris Locks Apt. 716,Gloriaside,86397
11048,Justin Davis,2243 Jeffrey Summit Apt. 463,New Michelle,61940
11049,Mark Torres,4427 Montgomery Canyon Suite 006,Cynthiashire,13823
11050,Timothy Allen,43041 Robert View,Sampsonville,56676
11051,Jack Miller,590 Ramsey Trace Suite 512,Jenniferburgh,86059
11052,Anna Day,135 Ryan Dam,North Desireemouth,83061
11053,Brian Dougherty,932 Sonya Tunnel Suite 639,Mcintyremouth,37653
11054,Morgan Gallagher,2612 Moran Extension Suite 271,Jamesbury,21534
11055,Sandra Robinson,43287 Brandon Knoll,Troyside,44618
11056,Tara Strickland,78565 Melissa Row,Port Angelashire,83708
11057,Christopher Arias,0859 Salinas Parkway Suite 205,Bethanyfort,89732
11058,Ronald Vega,48850 Chan Stream,Jenniferview,13376
11059,Brian Lloyd,7496 James Forks,Janicemouth,88193
11060,Vanessa Martin,6579 Black Burg,South Courtney,85514
11061,Linda Harris,9395 Stone Drive Suite 596,Lake Stephen,23324
11062,Mr. Gabriel Chen,737 Sonia Views,New Heidi,83119
11063,Shannon Mcgee,973 Tyler Circles,Brandyton,62988
11064,Richard Dillon,460 Martinez Isle Apt. 561,Tammyport,46950
11065,Hannah Campbell,56551 Guy Isle Apt. 877,North Codyton,52936
11066,George Patton,822 Kimberly Brooks Suite 440,Hughesfort,07386
11067,Elizabeth Nash,067 Reyes Meadow Suite 317,Danielleburgh,04842
11068,Melissa Wilson MD,29444 Tiffany Divide,Lake Wyatt,22098
11069,Michael Mclean,6677 Johnson Neck Suite 509,Rickyport,31372
11070,Tamara Ward,73516 Chad Mission,East Patricia,88722
11071,Dylan Stone,7920 Morris Road,Hensleyfurt,72079
11072,Joshua Matthews,197 Little Forks,Trevorport,80683
11073,Erika Zimmerman,516 Stanley Ville Apt. 343,Lake David,48679
11074,Christopher Clark,6564 Christopher Square,Marshallchester,54574
11075,Lacey Clark,675 Estrada Cliff Apt. 050,Lopezland,60632
11076,Michael Sanchez,41343 Adams Trafficway,Keyborough,93862
11077,Crystal Bullock,95755 Johnston Path Apt. 574,North Michael,09070
11078,Alexander Ellison,59936 Diamond Spring Suite 771,Port Davidton,02425
11079,Larry Thomas,6164 Victoria Turnpike Suite 981,West William,98603
11080,Brittney Martin,983 Catherine Bridge,Gonzalezchester,86416
11081,Kelsey Davis PhD,35477 James Junction,East Robert,83859
11082,John Figueroa,27397 Cox Village,Lake Nicole,03778
11083,Gabriel Lee,8894 Davis Motorway Suite 098,North Joshuashire,20836
11084,Michael Armstrong,73771 Eric Common,Port Jacob,44732
11085,Danny Marshall,963 Thomas Center Apt. 054,Lake Paulland,22830
11086,Maria Swanson,9803 Yates Port,Kellyfort,29014
11087,Michael Castillo,37310 Hancock Terrace Suite 342,Smithstad,38599
11088,Susan White,98383 Simpson Parkways Apt. 666,West Sharon,52813
11089,Tina Huerta,99153 Jennifer Heights,Angelaton,84069
11090,David Stevens,92927 Reed Island,Diazhaven,82497
11091,Denise Ryan,7673 Peter Ports Suite 575,North Shannon,93767
11092,Cody Goodwin,463 Johnson Ferry,Fieldsfurt,93499
11093,Taylor Fox,484 Alicia Shores,Jacobsonhaven,14338
11094,Geoffrey Howard,634 Lowe Divide Apt. 670,North Ebony,55875
11095,Tyler Carson,206 Collier Mill,North Andrewview,59218
11096,Michael Robinson,85754 Kristina Extensions,West Gary,53916
11097,Jeremy Perez,8968 Morales Ridge,Lake Tamarafort,41310
11098,Taylor Johnson,102 William Rue,West Joshuaton,86549
11099,Kevin Little,808 Todd Courts Suite 509,Danielsfort,21515
11100,Lacey Rogers,63521 James Keys,North Robertmouth,33143
